{"cameraMode":{"drawMode":0,"name":"Shaded","section":"Shading Mode"},"sceneLighting":false,"audioPlay":false,"sceneViewState":{"m_AlwaysRefresh":false,"showFog":true,"showSkybox":false,"showFlares":true,"showImageEffects":true,"showParticleSystems":true,"showVisualEffectGraphs":true,"m_FxEnabled":true},"in2DMode":false,"pivot":{"x":0.16432321071624757,"y":0.421600341796875,"z":0.5006756782531738},"rotation":{"x":-0.16959388554096223,"y":-0.11501947045326233,"z":-0.01993325725197792,"w":0.9785772562026978},"size":1.4660253524780274,"orthographic":false}